run_timestamp,origin,destination,trip_name,currency,n_offers,min_price,median_price,mean_price,max_price
2026-05-08T15:43:03,SEA,XIY,Fall trip,USD,841,886.0,2691.0,3230.81,20375.0
2026-05-08T16:38:28,SEA,XIY,Fall trip,USD,841,886.0,2691.0,3226.52,20375.0
2026-05-08T16:38:28,SEA,XIY,Winter trip,USD,139,2506.0,3499.0,4009.23,11059.0
2026-05-08T17:12:13,SEA,XIY,Fall trip,USD,841,886.0,2691.0,3226.52,20375.0
2026-05-08T17:12:13,SEA,XIY,Winter trip,USD,168,2506.0,3488.5,4083.53,12090.0
2026-05-09T16:51:55,SEA,XIY,Fall trip,USD,841,886.0,2691.0,3238.56,20375.0
2026-05-09T16:51:55,SEA,XIY,Winter trip,USD,28,2706.0,3513.0,3634.11,6378.0
2026-05-16T16:55:59,SEA,XIY,Fall trip,USD,819,886.0,2632.0,3120.57,11439.0
2026-05-16T16:55:59,SEA,XIY,Winter trip,USD,99,2206.0,3461.0,3726.63,7220.0
